id,first_name,last_name,email,gender
1,Noemi,Penwright,npenwright0@prweb.com,Female
2,Scott,Antonijevic,santonijevic1@dmoz.org,Male
3,Torey,Lung,tlung2@twitpic.com,Female
4,Hillel,Keal,hkeal3@amazon.com,Male
5,Sammy,Hanssmann,shanssmann4@yahoo.com,Female
6,Gregorius,Chominski,gchominski5@ask.com,Male
7,Carlene,Espinet,cespinet6@usatoday.com,Female
8,Sean,Dunphy,sdunphy7@sun.com,Female
9,Kerwinn,Stickens,kstickens8@independent.co.uk,Male
10,Earl,Reynault,ereynault9@globo.com,Male
11,Bruce,Lochead,blocheada@jigsy.com,Male
12,Dominica,Whitewood,dwhitewoodb@dyndns.org,Female
13,Chickie,Mudge,cmudgec@multiply.com,Male
14,Nancy,Tytler,ntytlerd@tumblr.com,Female
15,Alard,Dyshart,adysharte@gnu.org,Male
16,Emmet,Erie,eerief@geocities.com,Male
17,Malachi,Gulland,mgullandg@ebay.co.uk,Male
18,Wendeline,Stapels,wstapelsh@kickstarter.com,Female
19,Valaria,Tarrant,vtarranti@baidu.com,Female
20,Krishnah,Liell,kliellj@wordpress.com,Male
21,Linus,Andrieux,landrieuxk@yellowbook.com,Male
22,Jessa,Goolding,jgooldingl@europa.eu,Female
23,Denys,Burnham,dburnhamm@tinyurl.com,Male
24,Clarke,Riccioppo,criccioppon@senate.gov,Male
25,Danell,Gurley,dgurleyo@pcworld.com,Female
26,Ennis,Inott,einottp@state.tx.us,Male
27,Jordan,Gilbee,jgilbeeq@google.com,Female
28,Benedict,Louiset,blouisetr@g.co,Male
29,Mame,Partridge,mpartridges@freewebs.com,Female
30,Lars,Enevold,lenevoldt@patch.com,Male
31,Leoine,Prier,lprieru@imgur.com,Female
32,Maddy,Lewton,mlewtonv@moonfruit.com,Male
33,Megan,Barson,mbarsonw@homestead.com,Female
34,Patricio,McGriele,pmcgrielex@tumblr.com,Male
35,Conroy,Lanfer,clanfery@photobucket.com,Male
36,Neill,Vivash,nvivashz@sbwire.com,Male
37,Mychal,Tegler,mtegler10@newsvine.com,Male
38,Krysta,Ivashev,kivashev11@tinypic.com,Female
39,Isaac,Colloby,icolloby12@nba.com,Male
40,Elladine,Craddock,ecraddock13@sina.com.cn,Female
41,Yelena,Wolvey,ywolvey14@devhub.com,Female
42,Amalita,Morforth,amorforth15@fema.gov,Female
43,Johny,Deniseau,jdeniseau16@thetimes.co.uk,Male
44,Yankee,Kenningley,ykenningley17@yahoo.com,Male
45,Holly,O'Shea,hoshea18@vinaora.com,Female
46,Anna-diane,Pacher,apacher19@cbc.ca,Female
47,Carmela,Nicklinson,cnicklinson1a@youtube.com,Female
48,Freda,Scrivener,fscrivener1b@yellowpages.com,Female
49,Darbie,Deverille,ddeverille1c@edublogs.org,Female
50,Darcee,Kunzelmann,dkunzelmann1d@msu.edu,Female
51,Pooh,Bulfield,pbulfield1e@unesco.org,Female
52,Josefa,Vereker,jvereker1f@bandcamp.com,Female
53,Harriott,Critcher,hcritcher1g@hubpages.com,Female
54,Fayette,Coldrick,fcoldrick1h@kickstarter.com,Female
55,Albertina,Howat,ahowat1i@salon.com,Female
56,Felita,Masdon,fmasdon1j@github.com,Female
57,Agustin,Christoforou,achristoforou1k@census.gov,Male
58,Bathsheba,Reddle,breddle1l@bluehost.com,Female
59,Fernandina,Wisdish,fwisdish1m@facebook.com,Female
60,Didi,Connelly,dconnelly1n@chron.com,Female
61,Hamid,Coltart,hcoltart1o@twitpic.com,Male
62,Ellery,Mewha,emewha1p@booking.com,Male
63,Torrance,Fettis,tfettis1q@state.gov,Male
64,Donnajean,Jeanet,djeanet1r@netvibes.com,Female
65,Asa,McIlreavy,amcilreavy1s@cbsnews.com,Male
66,Lorinda,MacNucator,lmacnucator1t@hp.com,Female
67,Howey,Annear,hannear1u@illinois.edu,Male
68,Willow,Wallett,wwallett1v@netscape.com,Female
69,Rena,Huniwall,rhuniwall1w@i2i.jp,Female
70,Foster,O' Cloney,focloney1x@dedecms.com,Male
71,Sholom,Goadbie,sgoadbie1y@abc.net.au,Male
72,Vladimir,Ambrosio,vambrosio1z@bigcartel.com,Male
73,Goraud,Van Schafflaer,gvanschafflaer20@privacy.gov.au,Male
74,Justis,Mulqueen,jmulqueen21@booking.com,Male
75,Ted,McGucken,tmcgucken22@last.fm,Female
76,Beverlie,Korba,bkorba23@hibu.com,Female
77,Vernen,Muro,vmuro24@weebly.com,Male
78,Guillermo,Fronek,gfronek25@histats.com,Male
79,Rouvin,Clute,rclute26@bravesites.com,Male
80,Chevalier,Claremont,cclaremont27@webnode.com,Male
81,Conn,Costanza,ccostanza28@creativecommons.org,Male
82,Ninetta,McGraith,nmcgraith29@fema.gov,Female
83,Isabel,Chettoe,ichettoe2a@time.com,Female
84,Bernie,O'Hengerty,bohengerty2b@homestead.com,Male
85,Michelle,Inglesent,minglesent2c@tamu.edu,Female
86,Donnie,Iseton,diseton2d@nymag.com,Female
87,Marlene,MacGinlay,mmacginlay2e@wordpress.com,Female
88,Kip,Garmston,kgarmston2f@yahoo.com,Male
89,Alister,Diglin,adiglin2g@wiley.com,Male
90,Gray,Galletley,ggalletley2h@shareasale.com,Female
91,Merrili,Coronas,mcoronas2i@networkadvertising.org,Female
92,Patsy,Andreev,pandreev2j@whitehouse.gov,Female
93,Alexina,Macoun,amacoun2k@indiegogo.com,Female
94,Thacher,Sydall,tsydall2l@abc.net.au,Male
95,Marilee,Massey,mmassey2m@timesonline.co.uk,Female
96,Holli,Kalewe,hkalewe2n@wsj.com,Female
97,Ferdinande,Whewill,fwhewill2o@jalbum.net,Female
98,Luther,Slocumb,lslocumb2p@chronoengine.com,Male
99,Tasia,Varfolomeev,tvarfolomeev2q@phoca.cz,Female
100,Bernette,Rebichon,brebichon2r@seattletimes.com,Female
101,Robinetta,Dunbabin,rdunbabin2s@google.es,Female
102,Helenka,Sherme,hsherme2t@weather.com,Female
103,Knox,Mussen,kmussen2u@infoseek.co.jp,Male
104,Vonni,Truett,vtruett2v@kickstarter.com,Female
105,Erek,Duggen,eduggen2w@pagesperso-orange.fr,Male
106,June,Addeycott,jaddeycott2x@printfriendly.com,Female
107,Floria,Spears,fspears2y@apache.org,Female
108,Jesselyn,Mateescu,jmateescu2z@unc.edu,Female
109,Dirk,Dignon,ddignon30@harvard.edu,Male
110,Babette,Streetfield,bstreetfield31@oaic.gov.au,Female
111,Bethanne,Suttie,bsuttie32@barnesandnoble.com,Female
112,Britteny,Kienlein,bkienlein33@dell.com,Female
113,Mathew,Camerello,mcamerello34@desdev.cn,Male
114,Danielle,Culmer,dculmer35@mayoclinic.com,Female
115,Galvin,Moorwood,gmoorwood36@barnesandnoble.com,Male
116,Skye,Lethem,slethem37@cyberchimps.com,Male
117,Eddi,Solon,esolon38@nature.com,Female
118,Yolanda,Tabard,ytabard39@nyu.edu,Female
119,Falkner,Lampens,flampens3a@google.co.uk,Male
120,Temple,Hakey,thakey3b@i2i.jp,Male
121,Felipe,Stebbing,fstebbing3c@topsy.com,Male
122,Jessalyn,Paolazzi,jpaolazzi3d@studiopress.com,Female
123,Terrel,Pickersail,tpickersail3e@about.me,Male
124,Efrem,Duigan,eduigan3f@usnews.com,Male
125,Ede,Beeken,ebeeken3g@yahoo.com,Female
126,Melany,Daal,mdaal3h@symantec.com,Female
127,Randolf,Draisey,rdraisey3i@usa.gov,Male
128,Oby,Mateos,omateos3j@networksolutions.com,Male
129,Tuesday,McKall,tmckall3k@army.mil,Female
130,Alley,Nulty,anulty3l@slate.com,Male
131,Clovis,Soutter,csoutter3m@barnesandnoble.com,Female
132,Shane,Torra,storra3n@businesswire.com,Male
133,Josiah,Skally,jskally3o@chron.com,Male
134,Yorke,Zarb,yzarb3p@google.com.au,Male
135,Horatio,Maffioni,hmaffioni3q@nyu.edu,Male
136,Roxane,Denge,rdenge3r@opensource.org,Female
137,Irma,Brookwood,ibrookwood3s@sogou.com,Female
138,Purcell,Coltart,pcoltart3t@is.gd,Male
139,Stevana,Berka,sberka3u@acquirethisname.com,Female
140,Alfonse,Jotcham,ajotcham3v@cam.ac.uk,Male
141,Lacee,Batchelour,lbatchelour3w@webnode.com,Female
142,Hersh,De Cristofalo,hdecristofalo3x@addtoany.com,Male
143,Somerset,Wahlberg,swahlberg3y@sun.com,Male
144,Boote,Macvey,bmacvey3z@fotki.com,Male
145,Granger,Bradane,gbradane40@cnbc.com,Male
146,Taffy,Mehaffey,tmehaffey41@amazonaws.com,Female
147,Willi,Thomelin,wthomelin42@chicagotribune.com,Male
148,Perla,Sly,psly43@1688.com,Female
149,Evin,Searight,esearight44@sciencedaily.com,Male
150,Bobbi,Burston,bburston45@uol.com.br,Female
151,Camella,Camsey,ccamsey46@who.int,Female
152,Adan,Albutt,aalbutt47@cyberchimps.com,Male
153,Lonny,Hawton,lhawton48@bandcamp.com,Male
154,Linnea,McNab,lmcnab49@si.edu,Female
155,Kaine,Butt,kbutt4a@sciencedirect.com,Male
156,Samuele,Dennis,sdennis4b@samsung.com,Male
157,Jessa,Caret,jcaret4c@yolasite.com,Female
158,Martina,Ricco,mricco4d@usnews.com,Female
159,Mavis,Seadon,mseadon4e@cbc.ca,Female
160,Fergus,Ismay,fismay4f@bloglines.com,Male
161,Cesaro,Turnbull,cturnbull4g@cdbaby.com,Male
162,Shir,Giannazzi,sgiannazzi4h@blog.com,Female
163,Rani,Klosser,rklosser4i@dropbox.com,Female
164,Teodoro,Searsby,tsearsby4j@amazon.co.jp,Male
165,Eduard,Ralling,eralling4k@biblegateway.com,Male
166,Nani,Shuttle,nshuttle4l@wufoo.com,Female
167,Major,Canape,mcanape4m@purevolume.com,Male
168,Hester,Roles,hroles4n@a8.net,Female
169,Rowland,Bromet,rbromet4o@example.com,Male
170,Jany,Reddihough,jreddihough4p@biblegateway.com,Female
171,Leicester,Fife,lfife4q@who.int,Male
172,Town,Guerner,tguerner4r@howstuffworks.com,Male
173,Berte,Waltho,bwaltho4s@nationalgeographic.com,Female
174,Freida,Gobel,fgobel4t@vk.com,Female
175,Franklyn,Carruth,fcarruth4u@hud.gov,Male
176,Georgianna,Hovard,ghovard4v@stanford.edu,Female
177,Fey,Brodway,fbrodway4w@sciencedaily.com,Female
178,Gerek,Beeble,gbeeble4x@slideshare.net,Male
179,Orren,Brownlea,obrownlea4y@java.com,Male
180,Isiahi,Jeannenet,ijeannenet4z@rambler.ru,Male
181,Lola,Trimmill,ltrimmill50@eepurl.com,Female
182,De witt,Dumpleton,ddumpleton51@reference.com,Male
183,Aldous,Thirst,athirst52@freewebs.com,Male
184,Julian,Aldwich,jaldwich53@infoseek.co.jp,Male
185,Lucienne,Duinbleton,lduinbleton54@bravesites.com,Female
186,Aleen,Coleman,acoleman55@seesaa.net,Female
187,Octavius,Osler,oosler56@rakuten.co.jp,Male
188,Alaric,Alphonso,aalphonso57@com.com,Male
189,Jacky,Alder,jalder58@state.tx.us,Male
190,Gerick,Farbrace,gfarbrace59@wired.com,Male
191,Delainey,Dibdale,ddibdale5a@google.it,Male
192,Harri,Hoopper,hhoopper5b@dyndns.org,Female
193,Oriana,Fowells,ofowells5c@wordpress.com,Female
194,Maryellen,Potter,mpotter5d@spotify.com,Female
195,Sosanna,Louder,slouder5e@marketwatch.com,Female
196,Kele,Bratty,kbratty5f@technorati.com,Male
197,Dorthea,Ulyat,dulyat5g@artisteer.com,Female
198,Ellis,Healy,ehealy5h@icio.us,Male
199,Lissa,Della,ldella5i@google.fr,Female
200,Lexi,Sturrock,lsturrock5j@weather.com,Female
201,Marlow,Fishbourn,mfishbourn5k@bing.com,Male
202,Arlinda,Causley,acausley5l@dailymotion.com,Female
203,Jaimie,Chrisp,jchrisp5m@ca.gov,Male
204,Melesa,Trayling,mtrayling5n@chron.com,Female
205,Skelly,Bogart,sbogart5o@wikispaces.com,Male
206,Moina,McEneny,mmceneny5p@comcast.net,Female
207,Tomkin,Shortland,tshortland5q@ucla.edu,Male
208,Trula,Imloch,timloch5r@vkontakte.ru,Female
209,Cchaddie,McEnhill,cmcenhill5s@ftc.gov,Male
210,Wilhelmine,Bulcock,wbulcock5t@bbb.org,Female
211,Thomasa,Worgen,tworgen5u@wired.com,Female
212,Yvor,Andrejevic,yandrejevic5v@phoca.cz,Male
213,Evered,Smallbone,esmallbone5w@example.com,Male
214,Mozelle,Garvan,mgarvan5x@imdb.com,Female
215,Elsy,Diperaus,ediperaus5y@time.com,Female
216,Marnie,Robichon,mrobichon5z@infoseek.co.jp,Female
217,Mano,Dungay,mdungay60@usatoday.com,Male
218,Darcie,OIlier,doilier61@bbb.org,Female
219,Andros,Clementel,aclementel62@twitpic.com,Male
220,Stillmann,McKenna,smckenna63@businessweek.com,Male
221,Remus,Rein,rrein64@google.es,Male
222,Radcliffe,Lumm,rlumm65@woothemes.com,Male
223,Eduard,Cansdill,ecansdill66@slate.com,Male
224,Jacquette,Semple,jsemple67@dailymail.co.uk,Female
225,Scottie,Boxell,sboxell68@answers.com,Male
226,Steve,Conan,sconan69@youtube.com,Male
227,Bill,Maulin,bmaulin6a@sfgate.com,Male
228,Karrie,Challace,kchallace6b@php.net,Female
229,Rosamond,Loweth,rloweth6c@vkontakte.ru,Female
230,Osgood,MacDunleavy,omacdunleavy6d@psu.edu,Male
231,Guenevere,Armfirld,garmfirld6e@phoca.cz,Female
232,Marillin,Harrismith,mharrismith6f@printfriendly.com,Female
233,Car,Mateescu,cmateescu6g@bbc.co.uk,Male
234,Merry,Honeywood,mhoneywood6h@pcworld.com,Male
235,Adair,Abrahm,aabrahm6i@earthlink.net,Male
236,Farrand,Pownall,fpownall6j@creativecommons.org,Female
237,Carey,Horche,chorche6k@ow.ly,Female
238,Welbie,Kilduff,wkilduff6l@java.com,Male
239,Carlye,McClymont,cmcclymont6m@google.ca,Female
240,Jody,Iacapucci,jiacapucci6n@godaddy.com,Male
241,Devinne,Gilyott,dgilyott6o@adobe.com,Female
242,Jae,Ablewhite,jablewhite6p@alibaba.com,Male
243,Flem,Findon,ffindon6q@dedecms.com,Male
244,Bertrand,Kuhlmey,bkuhlmey6r@house.gov,Male
245,Latisha,Perks,lperks6s@dell.com,Female
246,Cobb,Ritchard,critchard6t@ovh.net,Male
247,Berget,Lisciandri,blisciandri6u@wired.com,Female
248,Alma,Cheesman,acheesman6v@yolasite.com,Female
249,Mair,Quantick,mquantick6w@businessweek.com,Female
250,Pierette,Biaggetti,pbiaggetti6x@addthis.com,Female
251,Vanessa,Anelay,vanelay6y@cbslocal.com,Female
252,Dill,Filippazzo,dfilippazzo6z@jigsy.com,Male
253,Finlay,Dugan,fdugan70@smh.com.au,Male
254,Whittaker,Carss,wcarss71@vk.com,Male
255,Humfried,Pardon,hpardon72@forbes.com,Male
256,Read,Ker,rker73@state.gov,Male
257,Warner,Hutcheon,whutcheon74@sitemeter.com,Male
258,Hamid,Stoller,hstoller75@scribd.com,Male
259,Wendel,Spearman,wspearman76@google.com.hk,Male
260,Bram,Ducarne,bducarne77@paginegialle.it,Male
261,Conway,Cristofaro,ccristofaro78@infoseek.co.jp,Male
262,Jacquelin,Grimme,jgrimme79@blogtalkradio.com,Female
263,Gilda,O' Mara,gomara7a@uol.com.br,Female
264,Tabb,Pitway,tpitway7b@parallels.com,Male
265,Dory,Lingner,dlingner7c@yahoo.co.jp,Male
266,Sonya,Tiebe,stiebe7d@army.mil,Female
267,Mathew,Sebastian,msebastian7e@ibm.com,Male
268,Zacharia,Suter,zsuter7f@delicious.com,Male
269,Claudius,Denyukin,cdenyukin7g@foxnews.com,Male
270,Denver,Boothebie,dboothebie7h@4shared.com,Male
271,Brandon,Beri,bberi7i@hexun.com,Male
272,Christian,Tommei,ctommei7j@unblog.fr,Male
273,Lombard,Asquez,lasquez7k@ebay.co.uk,Male
274,Rolland,Ziebart,rziebart7l@opera.com,Male
275,Kesley,McAleese,kmcaleese7m@youtube.com,Female
276,Felicity,Maureen,fmaureen7n@kickstarter.com,Female
277,Sanford,Crawley,scrawley7o@census.gov,Male
278,Georgy,Shenley,gshenley7p@mashable.com,Male
279,Bonnee,Kroll,bkroll7q@yelp.com,Female
280,Pierce,Dayley,pdayley7r@epa.gov,Male
281,Klara,Pritchard,kpritchard7s@npr.org,Female
282,Remus,Geggie,rgeggie7t@craigslist.org,Male
283,Odette,Rittelmeyer,orittelmeyer7u@buzzfeed.com,Female
284,Annalise,Reagan,areagan7v@columbia.edu,Female
285,Josefa,Leveret,jleveret7w@gnu.org,Female
286,Elane,De Lascy,edelascy7x@cyberchimps.com,Female
287,Luther,Hinckley,lhinckley7y@gnu.org,Male
288,Betta,Wynes,bwynes7z@rambler.ru,Female
289,Latia,Goatcher,lgoatcher80@xrea.com,Female
290,Mikol,Swyne,mswyne81@youtube.com,Male
291,Giselle,Dun,gdun82@buzzfeed.com,Female
292,Gavrielle,Arrington,garrington83@pcworld.com,Female
293,Corena,Cops,ccops84@lycos.com,Female
294,Mikel,Fullard,mfullard85@goodreads.com,Male
295,Vito,Blamires,vblamires86@instagram.com,Male
296,Walden,Larkin,wlarkin87@timesonline.co.uk,Male
297,Oliy,Lavin,olavin88@yale.edu,Female
298,Henryetta,Bauduccio,hbauduccio89@acquirethisname.com,Female
299,Brook,Rothon,brothon8a@amazon.de,Male
300,Keri,Kitchingham,kkitchingham8b@newsvine.com,Female
301,Tomi,Gisburne,tgisburne8c@plala.or.jp,Female
302,Modestia,Lyman,mlyman8d@unc.edu,Female
303,Kate,Romain,kromain8e@acquirethisname.com,Female
304,Shara,Sommerfeld,ssommerfeld8f@tripadvisor.com,Female
305,Edsel,Sharpin,esharpin8g@adobe.com,Male
306,Crissie,Greder,cgreder8h@admin.ch,Female
307,Barbi,Dixcey,bdixcey8i@icq.com,Female
308,Harlie,Berthon,hberthon8j@ucoz.ru,Female
309,Keary,Branchett,kbranchett8k@pcworld.com,Male
310,Denny,Quigg,dquigg8l@berkeley.edu,Female
311,Marshall,Aldus,maldus8m@google.fr,Male
312,Dion,Sorbie,dsorbie8n@house.gov,Female
313,Liva,Macer,lmacer8o@twitpic.com,Female
314,Salvidor,Edmans,sedmans8p@nationalgeographic.com,Male
315,Delainey,Dieton,ddieton8q@etsy.com,Male
316,Francene,Percy,fpercy8r@ezinearticles.com,Female
317,Arleyne,Blincoe,ablincoe8s@csmonitor.com,Female
318,Greta,Fashion,gfashion8t@bloglines.com,Female
319,Candis,Guilford,cguilford8u@illinois.edu,Female
320,Kathy,MacCole,kmaccole8v@bluehost.com,Female
321,Josi,Noorwood,jnoorwood8w@pbs.org,Female
322,Kaycee,Fearns,kfearns8x@gravatar.com,Female
323,Edouard,Goldberg,egoldberg8y@dion.ne.jp,Male
324,Brendon,Najafian,bnajafian8z@mlb.com,Male
325,Nealy,McMenamy,nmcmenamy90@moonfruit.com,Male
326,Selma,Reedie,sreedie91@state.gov,Female
327,Marijo,Olyet,molyet92@bizjournals.com,Female
328,Kimble,Castagnier,kcastagnier93@gizmodo.com,Male
329,Mohandis,Gopsell,mgopsell94@guardian.co.uk,Male
330,Tann,Altimas,taltimas95@hibu.com,Male
331,Lennard,Skevington,lskevington96@usa.gov,Male
332,Nicholas,Rowcliffe,nrowcliffe97@irs.gov,Male
333,Nerita,Whipple,nwhipple98@msn.com,Female
334,Wye,Loraine,wloraine99@indiegogo.com,Male
335,Colline,Lorenzini,clorenzini9a@sina.com.cn,Female
336,Carly,Tamburo,ctamburo9b@i2i.jp,Male
337,Christoffer,Vallender,cvallender9c@naver.com,Male
338,Roderick,Ruoss,rruoss9d@businessinsider.com,Male
339,Mathian,Roseblade,mroseblade9e@spiegel.de,Male
340,Smitty,Greensides,sgreensides9f@tripod.com,Male
341,Jessie,Duce,jduce9g@devhub.com,Female
342,Megan,Clifton,mclifton9h@printfriendly.com,Female
343,Julietta,Tabart,jtabart9i@vimeo.com,Female
344,Robb,Sawford,rsawford9j@whitehouse.gov,Male
345,Tiffany,Ayris,tayris9k@mlb.com,Female
346,Claudina,Platfoot,cplatfoot9l@1und1.de,Female
347,Lyndel,Masarrat,lmasarrat9m@smugmug.com,Female
348,Agneta,Simmons,asimmons9n@bizjournals.com,Female
349,Maiga,Gatheral,mgatheral9o@com.com,Female
350,Valle,Krammer,vkrammer9p@arizona.edu,Male
351,Christyna,Butlin,cbutlin9q@nifty.com,Female
352,Muffin,Delmage,mdelmage9r@taobao.com,Male
353,Byrann,Clench,bclench9s@sfgate.com,Male
354,Shaughn,Beeton,sbeeton9t@gnu.org,Male
355,Erin,Hillhouse,ehillhouse9u@prweb.com,Female
356,Emiline,Pittock,epittock9v@admin.ch,Female
357,Ranna,Kyte,rkyte9w@seesaa.net,Female
358,Bone,Dinnies,bdinnies9x@sakura.ne.jp,Male
359,Smith,Tegler,stegler9y@upenn.edu,Male
360,Herschel,Sweedland,hsweedland9z@ucla.edu,Male
361,Jocelyne,Boise,jboisea0@cornell.edu,Female
362,Carmencita,Golsworthy,cgolsworthya1@ihg.com,Female
363,Ricca,Sowten,rsowtena2@liveinternet.ru,Female
364,Natale,McMickan,nmcmickana3@ftc.gov,Male
365,Horst,Batchan,hbatchana4@newyorker.com,Male
366,Staffard,Chavez,schaveza5@zdnet.com,Male
367,Martina,Ashlin,mashlina6@google.ca,Female
368,Emalee,Tonkin,etonkina7@senate.gov,Female
369,Gabrila,Hawney,ghawneya8@vistaprint.com,Female
370,Mauricio,Kisar,mkisara9@tuttocitta.it,Male
371,Madge,Volker,mvolkeraa@ning.com,Female
372,Milicent,Barhem,mbarhemab@spiegel.de,Female
373,Merna,Dumbrall,mdumbrallac@twitpic.com,Female
374,Florie,Chamberlin,fchamberlinad@rambler.ru,Female
375,Kesley,Tovey,ktoveyae@nasa.gov,Female
376,Joela,Alessandrucci,jalessandrucciaf@statcounter.com,Female
377,Wendell,Mathe,wmatheag@naver.com,Male
378,Roxy,Walford,rwalfordah@ted.com,Female
379,Gennie,McElory,gmceloryai@spiegel.de,Female
380,Thomas,Reeders,treedersaj@moonfruit.com,Male
381,Davis,Josskovitz,djosskovitzak@domainmarket.com,Male
382,Brook,McDonnell,bmcdonnellal@amazon.com,Male
383,Kelila,Tarbett,ktarbettam@sogou.com,Female
384,Gasparo,Aldham,galdhaman@hatena.ne.jp,Male
385,Malissia,Ingreda,mingredaao@gnu.org,Female
386,Jerry,Keaveney,jkeaveneyap@bbb.org,Female
387,Bobbe,Handmore,bhandmoreaq@ask.com,Female
388,Danika,Adamson,dadamsonar@vistaprint.com,Female
389,Wrennie,Bauduccio,wbauduccioas@w3.org,Female
390,Danny,Matous,dmatousat@paypal.com,Male
391,Charlene,Greenlies,cgreenliesau@cnet.com,Female
392,Mikel,Farnorth,mfarnorthav@tripod.com,Male
393,Imojean,Cyphus,icyphusaw@usatoday.com,Female
394,Aurlie,Marsland,amarslandax@youtu.be,Female
395,Chrissy,Dain,cdainay@scribd.com,Male
396,Harlin,Vincent,hvincentaz@bloglovin.com,Male
397,Araldo,Mattheissen,amattheissenb0@clickbank.net,Male
398,Staford,Macieja,smaciejab1@disqus.com,Male
399,Barb,Liepmann,bliepmannb2@so-net.ne.jp,Female
400,Cedric,Sussems,csussemsb3@wired.com,Male
401,Hedy,Tabord,htabordb4@google.es,Female
402,Jess,Whitchurch,jwhitchurchb5@marketwatch.com,Male
403,Nathan,Van Dijk,nvandijkb6@shop-pro.jp,Male
404,Chris,Perrygo,cperrygob7@state.gov,Male
405,Meredeth,Van Waadenburg,mvanwaadenburgb8@over-blog.com,Male
406,Daria,Delamere,ddelamereb9@reverbnation.com,Female
407,Wallache,Garfath,wgarfathba@wordpress.org,Male
408,Saraann,Pogson,spogsonbb@wufoo.com,Female
409,Cherilyn,Fewless,cfewlessbc@twitpic.com,Female
410,Robbie,Abade,rabadebd@gnu.org,Female
411,Doretta,Hedgeley,dhedgeleybe@netscape.com,Female
412,Cele,Gratrex,cgratrexbf@vinaora.com,Female
413,Baldwin,Casassa,bcasassabg@google.com.br,Male
414,Maryann,Smallpeace,msmallpeacebh@amazon.com,Female
415,Julius,Danser,jdanserbi@apache.org,Male
416,Norine,Fairey,nfaireybj@cbslocal.com,Female
417,Bryce,Tuke,btukebk@free.fr,Male
418,Carin,Plunket,cplunketbl@salon.com,Female
419,Bonnibelle,MacGorrie,bmacgorriebm@pbs.org,Female
420,Kerwinn,Tomenson,ktomensonbn@mediafire.com,Male
421,Rickert,Willment,rwillmentbo@nasa.gov,Male
422,Curtice,Bozier,cbozierbp@springer.com,Male
423,Tessie,Lieber,tlieberbq@hud.gov,Female
424,Zaneta,Woodnutt,zwoodnuttbr@myspace.com,Female
425,Hartwell,Eady,headybs@cargocollective.com,Male
426,Terry,Noah,tnoahbt@booking.com,Female
427,Crista,Merrgen,cmerrgenbu@nps.gov,Female
428,Alain,Sapwell,asapwellbv@uol.com.br,Male
429,Claretta,Flipsen,cflipsenbw@earthlink.net,Female
430,Jabez,Port,jportbx@feedburner.com,Male
431,Adria,Titford,atitfordby@naver.com,Female
432,Clyde,McGarel,cmcgarelbz@ibm.com,Male
433,Gail,Laird,glairdc0@cnn.com,Female
434,Culley,Winley,cwinleyc1@icio.us,Male
435,Elisha,Stedell,estedellc2@domainmarket.com,Male
436,Kristos,Brennen,kbrennenc3@bandcamp.com,Male
437,Stefanie,Kenwright,skenwrightc4@plala.or.jp,Female
438,Ted,Pinches,tpinchesc5@bbb.org,Female
439,Raf,Brokenshaw,rbrokenshawc6@google.com.br,Female
440,Wilden,Higgoe,whiggoec7@delicious.com,Male
441,Ewan,Brierton,ebriertonc8@ebay.com,Male
442,Brina,Goulthorp,bgoulthorpc9@wired.com,Female
443,Fabian,McCuis,fmccuisca@nba.com,Male
444,Astrix,Lambrick,alambrickcb@europa.eu,Female
445,Isadore,Impey,iimpeycc@pinterest.com,Male
446,Mollie,Rookledge,mrookledgecd@cbc.ca,Female
447,Osbourn,Maycock,omaycockce@elpais.com,Male
448,Freddi,Prothero,fprotherocf@netvibes.com,Female
449,Bobbi,Cashin,bcashincg@cdc.gov,Female
450,Muire,Alecock,malecockch@shinystat.com,Female
451,Daniel,Krinks,dkrinksci@canalblog.com,Male
452,Cull,Mapp,cmappcj@cnn.com,Male
453,Jacquenette,Esby,jesbyck@joomla.org,Female
454,Jeremias,Scholar,jscholarcl@biglobe.ne.jp,Male
455,Brook,Lothean,blotheancm@wix.com,Male
456,Roberta,Kliemann,rkliemanncn@behance.net,Female
457,Genevieve,O'Sculley,gosculleyco@friendfeed.com,Female
458,Vincenty,Kennler,vkennlercp@e-recht24.de,Male
459,Juliann,Hamblin,jhamblincq@amazon.com,Female
460,Rozalie,Putt,rputtcr@twitpic.com,Female
461,Leonidas,Vidloc,lvidloccs@statcounter.com,Male
462,Salomo,Seefus,sseefusct@wiley.com,Male
463,Liliane,Chafer,lchafercu@naver.com,Female
464,Gard,Salway,gsalwaycv@qq.com,Male
465,Buiron,Gofford,bgoffordcw@va.gov,Male
466,Astrid,Scullin,ascullincx@soundcloud.com,Female
467,Lauritz,Mackriell,lmackriellcy@friendfeed.com,Male
468,Wain,Prandini,wprandinicz@earthlink.net,Male
469,Raimondo,Aleevy,raleevyd0@ameblo.jp,Male
470,Reinaldo,Layfield,rlayfieldd1@ocn.ne.jp,Male
471,Colas,Griffin,cgriffind2@amazon.com,Male
472,Sharyl,Rastall,srastalld3@bluehost.com,Female
473,Fidel,Jorn,fjornd4@taobao.com,Male
474,Oren,Guidelli,oguidellid5@thetimes.co.uk,Male
475,Webster,Porrett,wporrettd6@auda.org.au,Male
476,Mason,Ormes,mormesd7@cafepress.com,Male
477,Davin,Dabels,ddabelsd8@mit.edu,Male
478,Germana,Boor,gboord9@reverbnation.com,Female
479,Skipp,Vermer,svermerda@github.com,Male
480,Emmie,Keems,ekeemsdb@yale.edu,Female
481,Edyth,Ianizzi,eianizzidc@php.net,Female
482,Derward,Reyson,dreysondd@businesswire.com,Male
483,Agatha,Van Halle,avanhallede@google.co.jp,Female
484,Kristyn,Karolyi,kkarolyidf@trellian.com,Female
485,Lanny,Philipson,lphilipsondg@vinaora.com,Female
486,Gabi,Poulsom,gpoulsomdh@comsenz.com,Male
487,Mile,MacLaughlin,mmaclaughlindi@cloudflare.com,Male
488,Vanna,Coronado,vcoronadodj@freewebs.com,Female
489,Bert,Mowlam,bmowlamdk@pinterest.com,Female
490,Monro,Iacobassi,miacobassidl@umn.edu,Male
491,Paige,Mogford,pmogforddm@nbcnews.com,Female
492,Carrol,Cannop,ccannopdn@icq.com,Male
493,Christean,Woodburn,cwoodburndo@facebook.com,Female
494,Zedekiah,Claussen,zclaussendp@blinklist.com,Male
495,Collen,Eldridge,celdridgedq@cbslocal.com,Female
496,Eal,MacGarrity,emacgarritydr@pinterest.com,Male
497,Corine,Winslow,cwinslowds@gizmodo.com,Female
498,Dennis,Olliar,dolliardt@latimes.com,Male
499,Siobhan,Alibone,salibonedu@elpais.com,Female
500,Davis,Chesnay,dchesnaydv@ed.gov,Male
501,Anna-diane,Byham,abyhamdw@weather.com,Female
502,Kary,Dury,kdurydx@state.tx.us,Female
503,Tory,Dumphries,tdumphriesdy@moonfruit.com,Female
504,Sukey,McCreath,smccreathdz@thetimes.co.uk,Female
505,Jamaal,Prandoni,jprandonie0@godaddy.com,Male
506,Ragnar,Sember,rsembere1@unc.edu,Male
507,Hayward,Gouldeby,hgouldebye2@com.com,Male
508,Hansiain,Spatig,hspatige3@wordpress.com,Male
509,Cheri,Weatherley,cweatherleye4@godaddy.com,Female
510,Preston,Toman,ptomane5@reuters.com,Male
511,Emylee,Soans,esoanse6@vistaprint.com,Female
512,Jesse,Inglis,jinglise7@storify.com,Male
513,Gabie,Tompkinson,gtompkinsone8@domainmarket.com,Female
514,Lanny,Bakhrushin,lbakhrushine9@amazon.com,Female
515,Corbin,Lyddyard,clyddyardea@wp.com,Male
516,Brendan,Soame,bsoameeb@youtu.be,Male
517,Tania,Mahon,tmahonec@marketwatch.com,Female
518,Nester,Mearing,nmearinged@skyrock.com,Male
519,Franciska,Eva,fevaee@samsung.com,Female
520,Genvieve,Baribal,gbaribalef@wiley.com,Female
521,Garvin,Parade,gparadeeg@multiply.com,Male
522,Jamill,Siemianowicz,jsiemianowiczeh@webeden.co.uk,Male
523,Herculie,Gabriel,hgabrielei@berkeley.edu,Male
524,Nap,Troy,ntroyej@instagram.com,Male
525,Avery,Guillotin,aguillotinek@psu.edu,Male
526,Muffin,Sinton,msintonel@vistaprint.com,Female
527,Sophey,Clerk,sclerkem@pinterest.com,Female
528,Marion,Kerne,mkerneen@woothemes.com,Male
529,Cleo,Bock,cbockeo@cloudflare.com,Female
530,Merrielle,Carwithen,mcarwithenep@google.fr,Female
531,Constancia,Ely,celyeq@sphinn.com,Female
532,Fiona,Alderton,faldertoner@imdb.com,Female
533,Malynda,Kinnon,mkinnones@woothemes.com,Female
534,Gibb,Daborn,gdabornet@cloudflare.com,Male
535,Caron,Cheng,cchengeu@springer.com,Female
536,Lyda,Bryceson,lbrycesonev@scientificamerican.com,Female
537,Charil,Leivers,cleiversew@xing.com,Female
538,Nisse,Antonsson,nantonssonex@usatoday.com,Female
539,Shep,Davitt,sdavittey@spiegel.de,Male
540,Ansell,Gooday,agoodayez@opera.com,Male
541,Shanda,Allder,sallderf0@com.com,Female
542,Jeremiah,Alldre,jalldref1@barnesandnoble.com,Male
543,Felisha,Oakes,foakesf2@youtu.be,Female
544,Thatch,Crangle,tcranglef3@ucsd.edu,Male
545,Beryle,Macia,bmaciaf4@free.fr,Female
546,Zollie,Degli Abbati,zdegliabbatif5@abc.net.au,Male
547,Nickey,Reede,nreedef6@blogspot.com,Male
548,Stacee,Smylie,ssmylief7@spotify.com,Male
549,Prent,Bengal,pbengalf8@mozilla.com,Male
550,Casey,Hathorn,chathornf9@yandex.ru,Male
551,Mathian,Sawford,msawfordfa@reuters.com,Male
552,Giovanni,Gothrup,ggothrupfb@123-reg.co.uk,Male
553,Peg,Dodsley,pdodsleyfc@adobe.com,Female
554,Marris,Madgwick,mmadgwickfd@people.com.cn,Female
555,Charlton,Kleinmintz,ckleinmintzfe@jimdo.com,Male
556,Penn,Manterfield,pmanterfieldff@usa.gov,Male
557,Bellanca,Lohden,blohdenfg@addthis.com,Female
558,Rochell,Ickovicz,rickoviczfh@reference.com,Female
559,Maire,Splain,msplainfi@lycos.com,Female
560,Leontyne,Berrick,lberrickfj@domainmarket.com,Female
561,Petronia,Fewtrell,pfewtrellfk@wiley.com,Female
562,Patty,Ambrosoni,pambrosonifl@photobucket.com,Male
563,Katha,McGrowther,kmcgrowtherfm@is.gd,Female
564,Rex,Foch,rfochfn@ning.com,Male
565,Grady,Linch,glinchfo@irs.gov,Male
566,Elaine,Gentery,egenteryfp@netvibes.com,Female
567,Melvyn,Dencs,mdencsfq@geocities.jp,Male
568,Jarrod,Pleaden,jpleadenfr@pagesperso-orange.fr,Male
569,Daria,Guitonneau,dguitonneaufs@cnet.com,Female
570,Tymothy,Laboune,tlabouneft@berkeley.edu,Male
571,Muffin,Leathley,mleathleyfu@php.net,Male
572,Burton,Farndon,bfarndonfv@slideshare.net,Male
573,Kassie,Rallings,krallingsfw@a8.net,Female
574,Ruy,Niesing,rniesingfx@businessweek.com,Male
575,Kelcy,Cordoba,kcordobafy@state.gov,Female
576,Ulric,Mowen,umowenfz@goo.ne.jp,Male
577,Delinda,Isaacs,disaacsg0@gmpg.org,Female
578,Stepha,Lauritsen,slauritseng1@cocolog-nifty.com,Female
579,Henrik,Mazzey,hmazzeyg2@reference.com,Male
580,Trace,Kenewel,tkenewelg3@jugem.jp,Male
581,Lorrie,Lott,llottg4@ameblo.jp,Male
582,Cindelyn,Cholomin,ccholoming5@va.gov,Female
583,Pierre,Arnaudot,parnaudotg6@google.it,Male
584,Carole,Morrill,cmorrillg7@cpanel.net,Female
585,Wren,Kobelt,wkobeltg8@youtube.com,Female
586,Kane,Northley,knorthleyg9@shutterfly.com,Male
587,Chan,Alejandro,calejandroga@sina.com.cn,Male
588,Sterling,Franken,sfrankengb@geocities.jp,Male
589,Derry,Petroulis,dpetroulisgc@indiegogo.com,Male
590,Lynnet,Woollard,lwoollardgd@mapquest.com,Female
591,Anestassia,O'Lehane,aolehanege@themeforest.net,Female
592,Waly,Clayworth,wclayworthgf@vk.com,Female
593,Vicky,Zylberdik,vzylberdikgg@so-net.ne.jp,Female
594,Sebastiano,Tyas,styasgh@weather.com,Male
595,Jozef,Belfitt,jbelfittgi@wordpress.com,Male
596,Georgeanna,Blant,gblantgj@state.gov,Female
597,Silas,Cherry,scherrygk@nytimes.com,Male
598,Daphne,Laterza,dlaterzagl@twitpic.com,Female
599,Emmy,MacCague,emaccaguegm@wikimedia.org,Male
600,Sal,Gordge,sgordgegn@wunderground.com,Male
601,Michele,Mees,mmeesgo@cyberchimps.com,Female
602,Elmer,Sylvester,esylvestergp@samsung.com,Male
603,Violet,O'Shevlin,voshevlingq@google.cn,Female
604,Berna,Kippie,bkippiegr@shareasale.com,Female
605,Gerome,Achromov,gachromovgs@vkontakte.ru,Male
606,Emory,Crapper,ecrappergt@reverbnation.com,Male
607,Janice,Beste,jbestegu@cafepress.com,Female
608,Bessy,Gathwaite,bgathwaitegv@guardian.co.uk,Female
609,Yehudit,Ratlee,yratleegw@de.vu,Male
610,Farrell,Caddens,fcaddensgx@walmart.com,Male
611,Melisandra,Solano,msolanogy@apache.org,Female
612,Kareem,Ibbett,kibbettgz@sohu.com,Male
613,Fair,Sone,fsoneh0@irs.gov,Male
614,Tyrone,Bugs,tbugsh1@marketwatch.com,Male
615,Jorgan,Spencook,jspencookh2@usatoday.com,Male
616,Lynne,Faiers,lfaiersh3@bloglovin.com,Female
617,Melinde,McGiffin,mmcgiffinh4@bing.com,Female
618,Rakel,Adame,radameh5@webs.com,Female
619,Gerek,Youdell,gyoudellh6@infoseek.co.jp,Male
620,Alicea,Mew,amewh7@tamu.edu,Female
621,Skippy,MacKettrick,smackettrickh8@addthis.com,Male
622,Guglielmo,Simonetto,gsimonettoh9@sbwire.com,Male
623,Alejoa,Tantum,atantumha@sina.com.cn,Male
624,Blinny,Covell,bcovellhb@uol.com.br,Female
625,Chrissy,Terrill,cterrillhc@princeton.edu,Female
626,Gail,Lightoller,glightollerhd@dailymail.co.uk,Male
627,Sibylle,Culross,sculrosshe@omniture.com,Female
628,Arabele,Lawler,alawlerhf@mac.com,Female
629,Addison,Follis,afollishg@lulu.com,Male
630,Spenser,Van Haeften,svanhaeftenhh@cbslocal.com,Male
631,Shaughn,Gwatkins,sgwatkinshi@twitpic.com,Male
632,Shelley,Kocher,skocherhj@ovh.net,Female
633,Brade,Rosenhaus,brosenhaushk@prnewswire.com,Male
634,Staffard,Clendening,sclendeninghl@dailymail.co.uk,Male
635,Andie,Caherny,acahernyhm@google.cn,Male
636,Elane,McGeown,emcgeownhn@java.com,Female
637,Myron,Laffling,mlafflingho@yale.edu,Male
638,Heinrick,Goodhall,hgoodhallhp@yale.edu,Male
639,Sherline,Argent,sargenthq@webs.com,Female
640,Abba,Champney,achampneyhr@wired.com,Male
641,Modesta,Rounsefell,mrounsefellhs@theatlantic.com,Female
642,Sidonnie,McGlone,smcgloneht@bbc.co.uk,Female
643,Chaim,Gallemore,cgallemorehu@w3.org,Male
644,Johann,Yuryatin,jyuryatinhv@howstuffworks.com,Male
645,Rebekah,Coward,rcowardhw@dedecms.com,Female
646,Leilah,Larter,llarterhx@whitehouse.gov,Female
647,Lilly,Paxforde,lpaxfordehy@sitemeter.com,Female
648,Winthrop,Clelle,wclellehz@comcast.net,Male
649,Nisse,Torritti,ntorrittii0@youku.com,Female
650,Brannon,Strachan,bstrachani1@blogtalkradio.com,Male
651,Elmira,Reven,ereveni2@gravatar.com,Female
652,Emily,Tawton,etawtoni3@icq.com,Female
653,Helli,Stonman,hstonmani4@webmd.com,Female
654,Sidnee,Fairbrass,sfairbrassi5@acquirethisname.com,Male
655,Leanna,Woolis,lwoolisi6@google.pl,Female
656,Clarine,Escot,cescoti7@icio.us,Female
657,Quintilla,Jandac,qjandaci8@bravesites.com,Female
658,Blakeley,O' Bee,bobeei9@msn.com,Female
659,Raviv,Press,rpressia@live.com,Male
660,Anthony,Ivakhno,aivakhnoib@diigo.com,Male
661,Marlowe,Marthen,mmarthenic@pinterest.com,Male
662,Berne,Torald,btoraldid@hostgator.com,Male
663,Carolan,Tyrer,ctyrerie@patch.com,Female
664,Giulio,Hetterich,ghetterichif@wunderground.com,Male
665,Taylor,Jobbins,tjobbinsig@newyorker.com,Male
666,Mandie,McCardle,mmccardleih@mlb.com,Female
667,Isidor,Sandeman,isandemanii@surveymonkey.com,Male
668,Cherianne,Brower,cbrowerij@furl.net,Female
669,Colly,Beeching,cbeechingik@reference.com,Female
670,Thorpe,Kitter,tkitteril@webeden.co.uk,Male
671,Lek,Shuttleworth,lshuttleworthim@blogger.com,Male
672,Osbourne,Oake,ooakein@hatena.ne.jp,Male
673,Myles,Barnwill,mbarnwillio@cargocollective.com,Male
674,Scottie,Casaccio,scasaccioip@chicagotribune.com,Male
675,Jackie,Clementet,jclementetiq@parallels.com,Male
676,Eduino,Tranmer,etranmerir@t-online.de,Male
677,Errol,Dellit,edellitis@cdc.gov,Male
678,Murial,Scarr,mscarrit@biglobe.ne.jp,Female
679,Obed,Wield,owieldiu@bloglovin.com,Male
680,Gar,Brimman,gbrimmaniv@360.cn,Male
681,Farrel,Adds,faddsiw@ca.gov,Male
682,Micaela,Lesly,mleslyix@independent.co.uk,Female
683,Berty,Tugwell,btugwelliy@seattletimes.com,Male
684,Kliment,Wison,kwisoniz@chron.com,Male
685,Cece,Philipart,cphilipartj0@ucsd.edu,Male
686,Maurits,Cansdall,mcansdallj1@people.com.cn,Male
687,Benita,Hadcroft,bhadcroftj2@omniture.com,Female
688,Cherice,Blanchflower,cblanchflowerj3@hud.gov,Female
689,Vera,Rea,vreaj4@last.fm,Female
690,Ogdon,Chinnock,ochinnockj5@wordpress.com,Male
691,Sigismondo,Pinkerton,spinkertonj6@hibu.com,Male
692,Farrel,Cheek,fcheekj7@amazon.co.jp,Male
693,Raoul,Pearson,rpearsonj8@netscape.com,Male
694,Rania,Brou,rbrouj9@uiuc.edu,Female
695,Alvina,Rushford,arushfordja@phpbb.com,Female
696,Marcella,Agates,magatesjb@nps.gov,Female
697,Loren,Scirman,lscirmanjc@stanford.edu,Female
698,Eadith,Fipp,efippjd@ucsd.edu,Female
699,Isidora,Sabben,isabbenje@rakuten.co.jp,Female
700,Annnora,Chennells,achennellsjf@tumblr.com,Female
701,Gibby,McCray,gmccrayjg@timesonline.co.uk,Male
702,Francklin,Pietruszewicz,fpietruszewiczjh@drupal.org,Male
703,Emelita,Beahan,ebeahanji@google.co.jp,Female
704,Toinette,Blowne,tblownejj@comcast.net,Female
705,Filide,Kubatsch,fkubatschjk@fotki.com,Female
706,Shermie,Labern,slabernjl@adobe.com,Male
707,Kit,Hallbird,khallbirdjm@nydailynews.com,Female
708,Ivy,Markham,imarkhamjn@apple.com,Female
709,Angeli,Fusedale,afusedalejo@squarespace.com,Male
710,Evangelina,Ort,eortjp@mediafire.com,Female
711,Perry,Purvess,ppurvessjq@seattletimes.com,Male
712,Winn,Gainsboro,wgainsborojr@bing.com,Male
713,Osbourne,Dundon,odundonjs@google.fr,Male
714,Lemmie,Elton,leltonjt@utexas.edu,Male
715,Rubin,Kinnane,rkinnaneju@bluehost.com,Male
716,Brier,Skalls,bskallsjv@furl.net,Female
717,Cazzie,Pipes,cpipesjw@wordpress.org,Male
718,Hailee,MacCallum,hmaccallumjx@google.pl,Female
719,Deb,Jilliss,djillissjy@oaic.gov.au,Female
720,Selene,Nanelli,snanellijz@ovh.net,Female
721,Farand,Islep,fislepk0@sphinn.com,Female
722,Rodney,Machent,rmachentk1@google.com.br,Male
723,Lynnea,Gertz,lgertzk2@sphinn.com,Female
724,Daphne,Neath,dneathk3@prlog.org,Female
725,Kaja,Clunie,kcluniek4@blog.com,Female
726,Ric,Roman,rromank5@adobe.com,Male
727,Gwen,Bellchamber,gbellchamberk6@jugem.jp,Female
728,Claude,Harvey,charveyk7@amazon.co.uk,Female
729,Janie,Whimper,jwhimperk8@omniture.com,Female
730,Magnum,Friman,mfrimank9@nationalgeographic.com,Male
731,Sidoney,Ibbeson,sibbesonka@i2i.jp,Female
732,Malinda,Jillins,mjillinskb@google.ca,Female
733,Cristal,Stoodale,cstoodalekc@ucoz.com,Female
734,Tait,Frow,tfrowkd@devhub.com,Male
735,Sebastien,Ketley,sketleyke@wunderground.com,Male
736,Roman,Sowley,rsowleykf@answers.com,Male
737,Birdie,Brookes,bbrookeskg@51.la,Female
738,Vite,Vardie,vvardiekh@digg.com,Male
739,Kory,Lygoe,klygoeki@amazon.co.uk,Male
740,Tobye,Halladey,thalladeykj@washington.edu,Female
741,Jo,Sigge,jsiggekk@bigcartel.com,Female
742,Rhys,Kitteman,rkittemankl@hexun.com,Male
743,Trevar,Zaczek,tzaczekkm@amazon.de,Male
744,Herschel,Stollmeyer,hstollmeyerkn@weather.com,Male
745,Durant,Dimeloe,ddimeloeko@statcounter.com,Male
746,Willard,Galego,wgalegokp@sciencedirect.com,Male
747,Jacinthe,Gelly,jgellykq@latimes.com,Female
748,Vinita,Teggin,vtegginkr@microsoft.com,Female
749,Loralie,Beazey,lbeazeyks@soundcloud.com,Female
750,Kendall,MacDirmid,kmacdirmidkt@furl.net,Male
751,Car,Salleir,csalleirku@weather.com,Male
752,Marjy,Vittori,mvittorikv@answers.com,Female
753,Leroy,Lindenman,llindenmankw@mediafire.com,Male
754,Ondrea,Humphris,ohumphriskx@bloglines.com,Female
755,Brennen,Vial,bvialky@chron.com,Male
756,Nelle,Nottingham,nnottinghamkz@webeden.co.uk,Female
757,Kassia,Forri,kforril0@geocities.com,Female
758,Rahal,Byrch,rbyrchl1@utexas.edu,Female
759,Ara,Carnall,acarnalll2@theatlantic.com,Female
760,Katuscha,Briddock,kbriddockl3@1und1.de,Female
761,Doris,Noble,dnoblel4@youtube.com,Female
762,Miller,Kynaston,mkynastonl5@zdnet.com,Male
763,Vannie,Brassill,vbrassilll6@homestead.com,Female
764,Gustie,McLaughlin,gmclaughlinl7@unesco.org,Female
765,Ninette,Elegood,nelegoodl8@sphinn.com,Female
766,Smitty,Lehrer,slehrerl9@simplemachines.org,Male
767,Say,Kiggel,skiggella@senate.gov,Male
768,Roxi,Tregidga,rtregidgalb@shinystat.com,Female
769,Shawn,Billows,sbillowslc@sfgate.com,Male
770,Oswald,Espley,oespleyld@gmpg.org,Male
771,Kerwin,Boulstridge,kboulstridgele@umich.edu,Male
772,Tudor,Rousel,trousellf@mlb.com,Male
773,Salomone,Monery,smonerylg@vistaprint.com,Male
774,Marrilee,Nesbit,mnesbitlh@taobao.com,Female
775,Christophorus,Van Der Weedenburg,cvanderweedenburgli@opensource.org,Male
776,Lucio,Feake,lfeakelj@dmoz.org,Male
777,Roselia,Erdely,rerdelylk@cisco.com,Female
778,Husain,Nassey,hnasseyll@epa.gov,Male
779,Colene,Le Bosse,clebosselm@cnet.com,Female
780,Shandie,Thorington,sthoringtonln@amazon.co.jp,Female
781,Glennie,Tomblin,gtomblinlo@thetimes.co.uk,Female
782,Sena,Board,sboardlp@lulu.com,Female
783,Dietrich,Montrose,dmontroselq@bloglines.com,Male
784,Madella,Vanlint,mvanlintlr@shareasale.com,Female
785,Berny,Wilgar,bwilgarls@jimdo.com,Male
786,Loraine,Forrestor,lforrestorlt@hibu.com,Female
787,Dianne,Simunek,dsimuneklu@cbc.ca,Female
788,Nickolaus,Hovenden,nhovendenlv@archive.org,Male
789,Deloria,Waleran,dwaleranlw@amazon.com,Female
790,Haven,MacRedmond,hmacredmondlx@techcrunch.com,Male
791,Mason,Djekovic,mdjekovicly@domainmarket.com,Male
792,Jerry,Kennelly,jkennellylz@mozilla.org,Male
793,Rudyard,Dobby,rdobbym0@princeton.edu,Male
794,Fanny,Fittes,ffittesm1@twitpic.com,Female
795,Faulkner,Harewood,fharewoodm2@opera.com,Male
796,Witty,Holleworth,wholleworthm3@cdbaby.com,Male
797,Ivor,Liell,iliellm4@bandcamp.com,Male
798,Llewellyn,Antonucci,lantonuccim5@etsy.com,Male
799,Vannie,O'Garmen,vogarmenm6@google.cn,Female
800,Marys,Klawi,mklawim7@tamu.edu,Female
801,Ddene,Trickey,dtrickeym8@nbcnews.com,Female
802,Joyce,Trewinnard,jtrewinnardm9@home.pl,Female
803,Dela,Bryceson,dbrycesonma@baidu.com,Female
804,Sibby,Grasner,sgrasnermb@gov.uk,Female
805,Emanuele,Hardstaff,ehardstaffmc@miibeian.gov.cn,Male
806,Eb,Camilli,ecamillimd@skype.com,Male
807,Judon,Tipping,jtippingme@go.com,Male
808,Archibald,Vasser,avassermf@sciencedirect.com,Male
809,Sol,Rebbeck,srebbeckmg@tinypic.com,Male
810,Antony,Wheildon,awheildonmh@bbb.org,Male
811,Phylis,Shermore,pshermoremi@salon.com,Female
812,Cornelia,Cornfoot,ccornfootmj@hatena.ne.jp,Female
813,Sandra,Starcks,sstarcksmk@weebly.com,Female
814,Jessica,Hawthorn,jhawthornml@paypal.com,Female
815,Katti,Habishaw,khabishawmm@sciencedaily.com,Female
816,Max,Cove,mcovemn@storify.com,Male
817,Marys,Boughen,mboughenmo@washington.edu,Female
818,Jayne,Nerger,jnergermp@latimes.com,Female
819,Wallie,Harpur,wharpurmq@furl.net,Female
820,Merilyn,Messom,mmessommr@vimeo.com,Female
821,Keriann,MacCaughey,kmaccaugheyms@economist.com,Female
822,Christos,Lugg,cluggmt@seattletimes.com,Male
823,Everard,Ezzy,eezzymu@diigo.com,Male
824,Dionisio,Enderle,denderlemv@jiathis.com,Male
825,Lilly,Calleja,lcallejamw@java.com,Female
826,Calla,Howsam,chowsammx@google.com.hk,Female
827,Vivyanne,Gligoraci,vgligoracimy@cam.ac.uk,Female
828,Tonya,Warboys,twarboysmz@usa.gov,Female
829,Quentin,Benstead,qbensteadn0@ifeng.com,Female
830,Barbaraanne,Oaten,boatenn1@deliciousdays.com,Female
831,Thorin,Glasson,tglassonn2@acquirethisname.com,Male
832,Panchito,Goodband,pgoodbandn3@seattletimes.com,Male
833,Hazel,Minichillo,hminichillon4@noaa.gov,Male
834,Kate,Symington,ksymingtonn5@slate.com,Female
835,Derk,Laurencot,dlaurencotn6@xing.com,Male
836,Pauli,Borrott,pborrottn7@theatlantic.com,Female
837,Colet,Cokely,ccokelyn8@dagondesign.com,Male
838,Zondra,Olle,zollen9@baidu.com,Female
839,Nata,Atmore,natmorena@usnews.com,Female
840,Wake,Gehricke,wgehrickenb@woothemes.com,Male
841,Stacia,Heggison,sheggisonnc@ucoz.com,Female
842,Perla,Buckoke,pbuckokend@opensource.org,Female
843,Ardis,Chitty,achittyne@cbc.ca,Female
844,Hedda,Camsey,hcamseynf@newyorker.com,Female
845,Blondelle,Issett,bissettng@dion.ne.jp,Female
846,Natka,Hobble,nhobblenh@yale.edu,Female
847,Gordie,Rylstone,grylstoneni@icio.us,Male
848,Gabrila,Spofford,gspoffordnj@princeton.edu,Female
849,Verena,McDermott,vmcdermottnk@sfgate.com,Female
850,Langsdon,Horburgh,lhorburghnl@shinystat.com,Male
851,Ebeneser,Gianolo,egianolonm@upenn.edu,Male
852,Chrysa,Bradmore,cbradmorenn@ucla.edu,Female
853,Dana,Romi,dromino@dyndns.org,Female
854,Gusella,Drakers,gdrakersnp@oracle.com,Female
855,Hillary,Goudard,hgoudardnq@google.de,Female
856,Sally,Haggar,shaggarnr@over-blog.com,Female
857,Celia,O'Hengerty,cohengertyns@linkedin.com,Female
858,Vinnie,Hulson,vhulsonnt@epa.gov,Male
859,Angelo,Crannach,acrannachnu@t-online.de,Male
860,Dav,Ackroyd,dackroydnv@msu.edu,Male
861,Jay,Cotesford,jcotesfordnw@toplist.cz,Male
862,Yard,Phittiplace,yphittiplacenx@symantec.com,Male
863,Teodoro,Sarrell,tsarrellny@360.cn,Male
864,Eleen,Urquhart,eurquhartnz@unblog.fr,Female
865,Wait,Cussons,wcussonso0@stanford.edu,Male
866,Flory,Carnalan,fcarnalano1@miibeian.gov.cn,Male
867,Kalila,Kolodziej,kkolodziejo2@uiuc.edu,Female
868,Massimiliano,Brandon,mbrandono3@eepurl.com,Male
869,Alvie,Ullyatt,aullyatto4@forbes.com,Male
870,Cindy,Proudler,cproudlero5@imgur.com,Female
871,Abby,Harnell,aharnello6@hibu.com,Male
872,Lou,Stansbie,lstansbieo7@hatena.ne.jp,Female
873,Dannye,Bryan,dbryano8@squidoo.com,Female
874,Shannon,Chrichton,schrichtono9@sina.com.cn,Female
875,Huey,Josh,hjoshoa@behance.net,Male
876,Leontyne,Flowers,lflowersob@artisteer.com,Female
877,Roger,MacGowan,rmacgowanoc@soundcloud.com,Male
878,Mead,Lippatt,mlippattod@mail.ru,Female
879,Adlai,Cradoc,acradocoe@bbb.org,Male
880,Keeley,Stanney,kstanneyof@delicious.com,Female
881,Early,Aireton,eairetonog@acquirethisname.com,Male
882,Ailey,Mantha,amanthaoh@mysql.com,Female
883,Martainn,Brighty,mbrightyoi@hugedomains.com,Male
884,Dagny,Twigge,dtwiggeoj@multiply.com,Male
885,Quinton,Streat,qstreatok@japanpost.jp,Male
886,Maurie,Revans,mrevansol@mozilla.com,Male
887,Eada,Outlaw,eoutlawom@github.io,Female
888,Neysa,Paull,npaullon@friendfeed.com,Female
889,Jeni,Westall,jwestalloo@usatoday.com,Female
890,Titus,Tukesby,ttukesbyop@google.es,Male
891,Rudd,Tomicki,rtomickioq@oracle.com,Male
892,Tobit,Brydon,tbrydonor@icq.com,Male
893,Gayla,Klus,gklusos@wired.com,Female
894,Hobard,Camies,hcamiesot@360.cn,Male
895,Glynn,Newns,gnewnsou@edublogs.org,Male
896,Adamo,Ordemann,aordemannov@apache.org,Male
897,Pam,Trevna,ptrevnaow@goo.ne.jp,Female
898,Vinny,Fewell,vfewellox@nationalgeographic.com,Male
899,Alejandra,Gillanders,agillandersoy@accuweather.com,Female
900,Tiphani,Britzius,tbritziusoz@wp.com,Female
901,Sydelle,Jiru,sjirup0@netscape.com,Female
902,Nikolaos,Mordy,nmordyp1@issuu.com,Male
903,Jamal,Fishleigh,jfishleighp2@oakley.com,Male
904,Trina,Bernolet,tbernoletp3@so-net.ne.jp,Female
905,Zacharia,Chaperlin,zchaperlinp4@seesaa.net,Male
906,Paulo,McCreery,pmccreeryp5@youtube.com,Male
907,Timothee,Stoffler,tstofflerp6@hexun.com,Male
908,Ronnie,Yegorshin,ryegorshinp7@soup.io,Male
909,Marcy,Rubinsohn,mrubinsohnp8@wix.com,Female
910,Felecia,Bard,fbardp9@bandcamp.com,Female
911,Fawn,Iacobo,fiacobopa@zimbio.com,Female
912,Hattie,Henlon,hhenlonpb@cmu.edu,Female
913,Joannes,Tenwick,jtenwickpc@cloudflare.com,Female
914,Hank,Fyndon,hfyndonpd@about.me,Male
915,Luci,Gheorghie,lgheorghiepe@slashdot.org,Female
916,Addie,Eacle,aeaclepf@feedburner.com,Male
917,Phillis,Loveitt,ploveittpg@vk.com,Female
918,Gavrielle,Hawkridge,ghawkridgeph@photobucket.com,Female
919,Floyd,Nazer,fnazerpi@icq.com,Male
920,Kip,Filippello,kfilippellopj@homestead.com,Female
921,Harrie,Warrington,hwarringtonpk@si.edu,Female
922,Guendolen,Feldmark,gfeldmarkpl@e-recht24.de,Female
923,Zachary,Redgrave,zredgravepm@dyndns.org,Male
924,Pat,Semper,psemperpn@google.fr,Male
925,Aurie,McAuslan,amcauslanpo@ameblo.jp,Female
926,Sophie,Kensy,skensypp@tiny.cc,Female
927,Consuelo,Jansky,cjanskypq@state.tx.us,Female
928,Hank,Ccomini,hccominipr@mtv.com,Male
929,Jinny,Stowers,jstowersps@amazon.co.uk,Female
930,Neils,Lettington,nlettingtonpt@dot.gov,Male
931,Bria,Chanders,bchanderspu@disqus.com,Female
932,Cosimo,Gustus,cgustuspv@ucla.edu,Male
933,Harrietta,Rown,hrownpw@weebly.com,Female
934,Saunders,Amner,samnerpx@drupal.org,Male
935,Tammy,Shovlar,tshovlarpy@utexas.edu,Female
936,Minta,Kryszkiecicz,mkryszkieciczpz@springer.com,Female
937,Ara,Fraschini,afraschiniq0@w3.org,Male
938,Christean,Hanvey,chanveyq1@google.ru,Female
939,Malina,Santhouse,msanthouseq2@reuters.com,Female
940,Bettye,Priddy,bpriddyq3@usa.gov,Female
941,Leslie,Barlow,lbarlowq4@blogs.com,Male
942,Chiquia,Bartram,cbartramq5@aboutads.info,Female
943,Grayce,Kinnier,gkinnierq6@over-blog.com,Female
944,Nada,Ioannidis,nioannidisq7@ifeng.com,Female
945,Brynna,Form,bformq8@addtoany.com,Female
946,Linus,Connell,lconnellq9@icq.com,Male
947,Ernie,Latour,elatourqa@baidu.com,Male
948,Grace,Stanyland,gstanylandqb@irs.gov,Female
949,Banky,Hanaford,bhanafordqc@bing.com,Male
950,Berny,Mackney,bmackneyqd@4shared.com,Female
951,Orton,Benech,obenechqe@hatena.ne.jp,Male
952,Mindy,Kenion,mkenionqf@artisteer.com,Female
953,Hayyim,Sauniere,hsauniereqg@hud.gov,Male
954,Kort,Bilbie,kbilbieqh@1688.com,Male
955,Ingemar,Hischke,ihischkeqi@ezinearticles.com,Male
956,Pablo,Yusupov,pyusupovqj@qq.com,Male
957,Dolorita,Cone,dconeqk@ask.com,Female
958,Blanche,Vaughan-Hughes,bvaughanhughesql@dagondesign.com,Female
959,Kelcey,Olek,kolekqm@yahoo.com,Female
960,Lyon,Calwell,lcalwellqn@yolasite.com,Male
961,Dorice,Hilliam,dhilliamqo@independent.co.uk,Female
962,Nigel,Hindge,nhindgeqp@yandex.ru,Male
963,Wes,L'Amie,wlamieqq@redcross.org,Male
964,Franzen,Priest,fpriestqr@wikimedia.org,Male
965,Georgia,Capey,gcapeyqs@linkedin.com,Female
966,Curcio,Naismith,cnaismithqt@ted.com,Male
967,Cassey,Coppock.,ccoppockqu@drupal.org,Female
968,Matty,Mc Comb,mmccombqv@meetup.com,Male
969,Robbyn,Grindlay,rgrindlayqw@creativecommons.org,Female
970,Verne,Beedie,vbeedieqx@ask.com,Male
971,Rey,Ommundsen,rommundsenqy@state.tx.us,Female
972,Angelico,Berkley,aberkleyqz@engadget.com,Male
973,Ulla,Daout,udaoutr0@jimdo.com,Female
974,Buffy,Bew,bbewr1@flickr.com,Female
975,Patric,Hillock,phillockr2@lycos.com,Male
976,Nanete,Brando,nbrandor3@yolasite.com,Female
977,Carmina,Wallas,cwallasr4@nature.com,Female
978,Eolande,Heigho,eheighor5@nytimes.com,Female
979,Hagen,Keppy,hkeppyr6@bloglines.com,Male
980,Perren,MacKenney,pmackenneyr7@indiatimes.com,Male
981,Xever,Harbisher,xharbisherr8@hc360.com,Male
982,Clyde,Zanicchi,czanicchir9@altervista.org,Male
983,Kimmy,McCurt,kmccurtra@blinklist.com,Female
984,Glennis,Hannum,ghannumrb@themeforest.net,Female
985,Izabel,Caffery,icafferyrc@cbslocal.com,Female
986,Kristin,Coolson,kcoolsonrd@pen.io,Female
987,Marty,Nesterov,mnesterovre@narod.ru,Female
988,Nikolaus,Castagnasso,ncastagnassorf@list-manage.com,Male
989,Kirby,Pitcaithly,kpitcaithlyrg@chronoengine.com,Male
990,Bruce,Ruddock,bruddockrh@mit.edu,Male
991,Martynne,Dover,mdoverri@is.gd,Female
992,Aigneis,Hefferan,ahefferanrj@salon.com,Female
993,Ban,Neylon,bneylonrk@stanford.edu,Male
994,Rodrigo,Huebner,rhuebnerrl@wikia.com,Male
995,Addison,Dorin,adorinrm@cyberchimps.com,Male
996,Kippar,Stuchbury,kstuchburyrn@tmall.com,Male
997,Glynda,Siberry,gsiberryro@w3.org,Female
998,Neils,Upham,nuphamrp@scientificamerican.com,Male
999,Bessy,Thow,bthowrq@cafepress.com,Female
1000,Deana,Coupar,dcouparrr@storify.com,Female
